,bitcoin,bitcoin-cash,binance-coin,dogecoin,ethereum,ethereum-classic,litecoin,monero,stellar,tether
supply,18705212.0,18732518.75,153432897.0,129531248765.14555,115809211.249,116313299.0,66752414.51538747,17905902.93334942,23061608125.82701,55791494297.80168
maxSupply,21000000.0,21000000.0,170532785.0,0.0,0.0,210700000.0,84000000.0,0.0,50001806812.0,0.0
marketCapUsd,1101430626098.4688,27458614988.73921,104361136645.9835,73169979520.59213,453221497223.4203,13606498332.315224,26557934625.59161,8766681863.183947,15313182400.232841,55889698525.569984
volumeUsd24Hr,25507735133.475956,1574803580.8775299,2795121403.5560265,26969144702.60647,20154761973.730682,2700975125.474388,3987896849.0813484,215147843.80355015,614754352.8854098,80806390697.33382
priceUsd,58883.62163970494,1465.8261046042837,680.1744520667136,0.5648828388372708,3913.5185563862806,116.98144966479906,397.8572882853487,489.59730742514864,0.6640119074386404,1.0017602007080886
