,bitcoin,bitcoin-cash,binance-coin,dogecoin,ethereum,ethereum-classic,litecoin,monero,stellar,tether
supply,18699443.0,18726956.25,153432897.0,129461434269.05759,115737290.0615,116313299.0,66752414.51538747,17901863.76268609,23010670649.38823,52168189850.88168
maxSupply,21000000.0,21000000.0,170532785.0,0.0,0.0,210700000.0,84000000.0,0.0,50001806812.0,0.0
marketCapUsd,1014137879028.3633,18118175811.353218,96047962313.17088,73611105008.46281,382917780577.7994,7393343823.886706,20415947055.214382,6975182963.442322,11696881339.328922,52239545638.38318
volumeUsd24Hr,24789863866.06911,1483752008.150183,3669027746.487592,22037229792.94053,27855225942.207733,3129834039.8701754,3588094554.494526,206504913.17425495,409880228.3720785,76442211626.17325
priceUsd,54233.58754741322,967.4917573085705,625.9932790891048,0.5685948516179579,3308.5082636229527,63.56404544837737,305.8458215096952,389.6344568313109,0.5083242256409376,1.0013678026342385
